[
    {
        "name": "Afghanistan",
        "alpha2Code": "AF",
        "alpha3Code": "AFG",
        "latlng": [
            33.0,
            65.0
        ],
        "numericCode": "004"
    },
    {
        "name": "Åland Islands",
        "alpha2Code": "AX",
        "alpha3Code": "ALA",
        "latlng": [
            60.116667,
            19.9
        ],
        "numericCode": "248"
    },
    {
        "name": "Albania",
        "alpha2Code": "AL",
        "alpha3Code": "ALB",
        "latlng": [
            41.0,
            20.0
        ],
        "numericCode": "008"
    },
    {
        "name": "Algeria",
        "alpha2Code": "DZ",
        "alpha3Code": "DZA",
        "latlng": [
            28.0,
            3.0
        ],
        "numericCode": "012"
    },
    {
        "name": "American Samoa",
        "alpha2Code": "AS",
        "alpha3Code": "ASM",
        "latlng": [
            -14.33333333,
            -170.0
        ],
        "numericCode": "016"
    },
    {
        "name": "Andorra",
        "alpha2Code": "AD",
        "alpha3Code": "AND",
        "latlng": [
            42.5,
            1.5
        ],
        "numericCode": "020"
    },
    {
        "name": "Angola",
        "alpha2Code": "AO",
        "alpha3Code": "AGO",
        "latlng": [
            -12.5,
            18.5
        ],
        "numericCode": "024"
    },
    {
        "name": "Anguilla",
        "alpha2Code": "AI",
        "alpha3Code": "AIA",
        "latlng": [
            18.25,
            -63.16666666
        ],
        "numericCode": "660"
    },
    {
        "name": "Antarctica",
        "alpha2Code": "AQ",
        "alpha3Code": "ATA",
        "latlng": [
            -74.65,
            4.48
        ],
        "numericCode": "010"
    },
    {
        "name": "Antigua and Barbuda",
        "alpha2Code": "AG",
        "alpha3Code": "ATG",
        "latlng": [
            17.05,
            -61.8
        ],
        "numericCode": "028"
    },
    {
        "name": "Argentina",
        "alpha2Code": "AR",
        "alpha3Code": "ARG",
        "latlng": [
            -34.0,
            -64.0
        ],
        "numericCode": "032"
    },
    {
        "name": "Armenia",
        "alpha2Code": "AM",
        "alpha3Code": "ARM",
        "latlng": [
            40.0,
            45.0
        ],
        "numericCode": "051"
    },
    {
        "name": "Aruba",
        "alpha2Code": "AW",
        "alpha3Code": "ABW",
        "latlng": [
            12.5,
            -69.96666666
        ],
        "numericCode": "533"
    },
    {
        "name": "Australia",
        "alpha2Code": "AU",
        "alpha3Code": "AUS",
        "latlng": [
            -27.0,
            133.0
        ],
        "numericCode": "036"
    },
    {
        "name": "Austria",
        "alpha2Code": "AT",
        "alpha3Code": "AUT",
        "latlng": [
            47.33333333,
            13.33333333
        ],
        "numericCode": "040"
    },
    {
        "name": "Azerbaijan",
        "alpha2Code": "AZ",
        "alpha3Code": "AZE",
        "latlng": [
            40.5,
            47.5
        ],
        "numericCode": "031"
    },
    {
        "name": "Bahamas",
        "alpha2Code": "BS",
        "alpha3Code": "BHS",
        "latlng": [
            24.25,
            -76.0
        ],
        "numericCode": "044"
    },
    {
        "name": "Bahrain",
        "alpha2Code": "BH",
        "alpha3Code": "BHR",
        "latlng": [
            26.0,
            50.55
        ],
        "numericCode": "048"
    },
    {
        "name": "Bangladesh",
        "alpha2Code": "BD",
        "alpha3Code": "BGD",
        "latlng": [
            24.0,
            90.0
        ],
        "numericCode": "050"
    },
    {
        "name": "Barbados",
        "alpha2Code": "BB",
        "alpha3Code": "BRB",
        "latlng": [
            13.16666666,
            -59.53333333
        ],
        "numericCode": "052"
    },
    {
        "name": "Belarus",
        "alpha2Code": "BY",
        "alpha3Code": "BLR",
        "latlng": [
            53.0,
            28.0
        ],
        "numericCode": "112"
    },
    {
        "name": "Belgium",
        "alpha2Code": "BE",
        "alpha3Code": "BEL",
        "latlng": [
            50.83333333,
            4.0
        ],
        "numericCode": "056"
    },
    {
        "name": "Belize",
        "alpha2Code": "BZ",
        "alpha3Code": "BLZ",
        "latlng": [
            17.25,
            -88.75
        ],
        "numericCode": "084"
    },
    {
        "name": "Benin",
        "alpha2Code": "BJ",
        "alpha3Code": "BEN",
        "latlng": [
            9.5,
            2.25
        ],
        "numericCode": "204"
    },
    {
        "name": "Bermuda",
        "alpha2Code": "BM",
        "alpha3Code": "BMU",
        "latlng": [
            32.33333333,
            -64.75
        ],
        "numericCode": "060"
    },
    {
        "name": "Bhutan",
        "alpha2Code": "BT",
        "alpha3Code": "BTN",
        "latlng": [
            27.5,
            90.5
        ],
        "numericCode": "064"
    },
    {
        "name": "Bolivia",
        "alpha2Code": "BO",
        "alpha3Code": "BOL",
        "latlng": [
            -17.0,
            -65.0
        ],
        "numericCode": "068"
    },
    {
        "name": "Bonaire",
        "alpha2Code": "BQ",
        "alpha3Code": "BES",
        "latlng": [
            12.15,
            -68.266667
        ],
        "numericCode": "535"
    },
    {
        "name": "Bosnia and Herzegovina",
        "alpha2Code": "BA",
        "alpha3Code": "BIH",
        "latlng": [
            44.0,
            18.0
        ],
        "numericCode": "070"
    },
    {
        "name": "Botswana",
        "alpha2Code": "BW",
        "alpha3Code": "BWA",
        "latlng": [
            -22.0,
            24.0
        ],
        "numericCode": "072"
    },
    {
        "name": "Bouvet Island",
        "alpha2Code": "BV",
        "alpha3Code": "BVT",
        "latlng": [
            -54.43333333,
            3.4
        ],
        "numericCode": "074"
    },
    {
        "name": "Brazil",
        "alpha2Code": "BR",
        "alpha3Code": "BRA",
        "latlng": [
            -10.0,
            -55.0
        ],
        "numericCode": "076"
    },
    {
        "name": "British Indian Ocean Territory",
        "alpha2Code": "IO",
        "alpha3Code": "IOT",
        "latlng": [
            -6.0,
            71.5
        ],
        "numericCode": "086"
    },
    {
        "name": "United States Minor Outlying Islands",
        "alpha2Code": "UM",
        "alpha3Code": "UMI",
        "latlng": [],
        "numericCode": "581"
    },
    {
        "name": "Virgin Islands (British)",
        "alpha2Code": "VG",
        "alpha3Code": "VGB",
        "latlng": [
            18.431383,
            -64.62305
        ],
        "numericCode": "092"
    },
    {
        "name": "Virgin Islands (U.S.)",
        "alpha2Code": "VI",
        "alpha3Code": "VIR",
        "latlng": [
            18.34,
            -64.93
        ],
        "numericCode": "850"
    },
    {
        "name": "Brunei Darussalam",
        "alpha2Code": "BN",
        "alpha3Code": "BRN",
        "latlng": [
            4.5,
            114.66666666
        ],
        "numericCode": "096"
    },
    {
        "name": "Bulgaria",
        "alpha2Code": "BG",
        "alpha3Code": "BGR",
        "latlng": [
            43.0,
            25.0
        ],
        "numericCode": "100"
    },
    {
        "name": "Burkina Faso",
        "alpha2Code": "BF",
        "alpha3Code": "BFA",
        "latlng": [
            13.0,
            -2.0
        ],
        "numericCode": "854"
    },
    {
        "name": "Burundi",
        "alpha2Code": "BI",
        "alpha3Code": "BDI",
        "latlng": [
            -3.5,
            30.0
        ],
        "numericCode": "108"
    },
    {
        "name": "Cambodia",
        "alpha2Code": "KH",
        "alpha3Code": "KHM",
        "latlng": [
            13.0,
            105.0
        ],
        "numericCode": "116"
    },
    {
        "name": "Cameroon",
        "alpha2Code": "CM",
        "alpha3Code": "CMR",
        "latlng": [
            6.0,
            12.0
        ],
        "numericCode": "120"
    },
    {
        "name": "Canada",
        "alpha2Code": "CA",
        "alpha3Code": "CAN",
        "latlng": [
            60.0,
            -95.0
        ],
        "numericCode": "124"
    },
    {
        "name": "Cabo Verde",
        "alpha2Code": "CV",
        "alpha3Code": "CPV",
        "latlng": [
            16.0,
            -24.0
        ],
        "numericCode": "132"
    },
    {
        "name": "Cayman Islands",
        "alpha2Code": "KY",
        "alpha3Code": "CYM",
        "latlng": [
            19.5,
            -80.5
        ],
        "numericCode": "136"
    },
    {
        "name": "Central African Republic",
        "alpha2Code": "CF",
        "alpha3Code": "CAF",
        "latlng": [
            7.0,
            21.0
        ],
        "numericCode": "140"
    },
    {
        "name": "Chad",
        "alpha2Code": "TD",
        "alpha3Code": "TCD",
        "latlng": [
            15.0,
            19.0
        ],
        "numericCode": "148"
    },
    {
        "name": "Chile",
        "alpha2Code": "CL",
        "alpha3Code": "CHL",
        "latlng": [
            -30.0,
            -71.0
        ],
        "numericCode": "152"
    },
    {
        "name": "China",
        "alpha2Code": "CN",
        "alpha3Code": "CHN",
        "latlng": [
            35.0,
            105.0
        ],
        "numericCode": "156"
    },
    {
        "name": "Christmas Island",
        "alpha2Code": "CX",
        "alpha3Code": "CXR",
        "latlng": [
            -10.5,
            105.66666666
        ],
        "numericCode": "162"
    },
    {
        "name": "Cocos (Keeling) Islands",
        "alpha2Code": "CC",
        "alpha3Code": "CCK",
        "latlng": [
            -12.5,
            96.83333333
        ],
        "numericCode": "166"
    },
    {
        "name": "Colombia",
        "alpha2Code": "CO",
        "alpha3Code": "COL",
        "latlng": [
            4.0,
            -72.0
        ],
        "numericCode": "170"
    },
    {
        "name": "Comoros",
        "alpha2Code": "KM",
        "alpha3Code": "COM",
        "latlng": [
            -12.16666666,
            44.25
        ],
        "numericCode": "174"
    },
    {
        "name": "Congo",
        "alpha2Code": "CG",
        "alpha3Code": "COG",
        "latlng": [
            -1.0,
            15.0
        ],
        "numericCode": "178"
    },
    {
        "name": "Congo (Democratic Republic of the)",
        "alpha2Code": "CD",
        "alpha3Code": "COD",
        "latlng": [
            0.0,
            25.0
        ],
        "numericCode": "180"
    },
    {
        "name": "Cook Islands",
        "alpha2Code": "CK",
        "alpha3Code": "COK",
        "latlng": [
            -21.23333333,
            -159.76666666
        ],
        "numericCode": "184"
    },
    {
        "name": "Costa Rica",
        "alpha2Code": "CR",
        "alpha3Code": "CRI",
        "latlng": [
            10.0,
            -84.0
        ],
        "numericCode": "188"
    },
    {
        "name": "Croatia",
        "alpha2Code": "HR",
        "alpha3Code": "HRV",
        "latlng": [
            45.16666666,
            15.5
        ],
        "numericCode": "191"
    },
    {
        "name": "Cuba",
        "alpha2Code": "CU",
        "alpha3Code": "CUB",
        "latlng": [
            21.5,
            -80.0
        ],
        "numericCode": "192"
    },
    {
        "name": "Curaçao",
        "alpha2Code": "CW",
        "alpha3Code": "CUW",
        "latlng": [
            12.116667,
            -68.933333
        ],
        "numericCode": "531"
    },
    {
        "name": "Cyprus",
        "alpha2Code": "CY",
        "alpha3Code": "CYP",
        "latlng": [
            35.0,
            33.0
        ],
        "numericCode": "196"
    },
    {
        "name": "Czech Republic",
        "alpha2Code": "CZ",
        "alpha3Code": "CZE",
        "latlng": [
            49.75,
            15.5
        ],
        "numericCode": "203"
    },
    {
        "name": "Denmark",
        "alpha2Code": "DK",
        "alpha3Code": "DNK",
        "latlng": [
            56.0,
            10.0
        ],
        "numericCode": "208"
    },
    {
        "name": "Djibouti",
        "alpha2Code": "DJ",
        "alpha3Code": "DJI",
        "latlng": [
            11.5,
            43.0
        ],
        "numericCode": "262"
    },
    {
        "name": "Dominica",
        "alpha2Code": "DM",
        "alpha3Code": "DMA",
        "latlng": [
            15.41666666,
            -61.33333333
        ],
        "numericCode": "212"
    },
    {
        "name": "Dominican Republic",
        "alpha2Code": "DO",
        "alpha3Code": "DOM",
        "latlng": [
            19.0,
            -70.66666666
        ],
        "numericCode": "214"
    },
    {
        "name": "Ecuador",
        "alpha2Code": "EC",
        "alpha3Code": "ECU",
        "latlng": [
            -2.0,
            -77.5
        ],
        "numericCode": "218"
    },
    {
        "name": "Egypt",
        "alpha2Code": "EG",
        "alpha3Code": "EGY",
        "latlng": [
            27.0,
            30.0
        ],
        "numericCode": "818"
    },
    {
        "name": "El Salvador",
        "alpha2Code": "SV",
        "alpha3Code": "SLV",
        "latlng": [
            13.83333333,
            -88.91666666
        ],
        "numericCode": "222"
    },
    {
        "name": "Equatorial Guinea",
        "alpha2Code": "GQ",
        "alpha3Code": "GNQ",
        "latlng": [
            2.0,
            10.0
        ],
        "numericCode": "226"
    },
    {
        "name": "Eritrea",
        "alpha2Code": "ER",
        "alpha3Code": "ERI",
        "latlng": [
            15.0,
            39.0
        ],
        "numericCode": "232"
    },
    {
        "name": "Estonia",
        "alpha2Code": "EE",
        "alpha3Code": "EST",
        "latlng": [
            59.0,
            26.0
        ],
        "numericCode": "233"
    },
    {
        "name": "Ethiopia",
        "alpha2Code": "ET",
        "alpha3Code": "ETH",
        "latlng": [
            8.0,
            38.0
        ],
        "numericCode": "231"
    },
    {
        "name": "Falkland Islands (Malvinas)",
        "alpha2Code": "FK",
        "alpha3Code": "FLK",
        "latlng": [
            -51.75,
            -59.0
        ],
        "numericCode": "238"
    },
    {
        "name": "Faroe Islands",
        "alpha2Code": "FO",
        "alpha3Code": "FRO",
        "latlng": [
            62.0,
            -7.0
        ],
        "numericCode": "234"
    },
    {
        "name": "Fiji",
        "alpha2Code": "FJ",
        "alpha3Code": "FJI",
        "latlng": [
            -18.0,
            175.0
        ],
        "numericCode": "242"
    },
    {
        "name": "Finland",
        "alpha2Code": "FI",
        "alpha3Code": "FIN",
        "latlng": [
            64.0,
            26.0
        ],
        "numericCode": "246"
    },
    {
        "name": "France",
        "alpha2Code": "FR",
        "alpha3Code": "FRA",
        "latlng": [
            46.0,
            2.0
        ],
        "numericCode": "250"
    },
    {
        "name": "French Guiana",
        "alpha2Code": "GF",
        "alpha3Code": "GUF",
        "latlng": [
            4.0,
            -53.0
        ],
        "numericCode": "254"
    },
    {
        "name": "French Polynesia",
        "alpha2Code": "PF",
        "alpha3Code": "PYF",
        "latlng": [
            -15.0,
            -140.0
        ],
        "numericCode": "258"
    },
    {
        "name": "French Southern Territories",
        "alpha2Code": "TF",
        "alpha3Code": "ATF",
        "latlng": [
            -49.25,
            69.167
        ],
        "numericCode": "260"
    },
    {
        "name": "Gabon",
        "alpha2Code": "GA",
        "alpha3Code": "GAB",
        "latlng": [
            -1.0,
            11.75
        ],
        "numericCode": "266"
    },
    {
        "name": "Gambia",
        "alpha2Code": "GM",
        "alpha3Code": "GMB",
        "latlng": [
            13.46666666,
            -16.56666666
        ],
        "numericCode": "270"
    },
    {
        "name": "Georgia",
        "alpha2Code": "GE",
        "alpha3Code": "GEO",
        "latlng": [
            42.0,
            43.5
        ],
        "numericCode": "268"
    },
    {
        "name": "Germany",
        "alpha2Code": "DE",
        "alpha3Code": "DEU",
        "latlng": [
            51.0,
            9.0
        ],
        "numericCode": "276"
    },
    {
        "name": "Ghana",
        "alpha2Code": "GH",
        "alpha3Code": "GHA",
        "latlng": [
            8.0,
            -2.0
        ],
        "numericCode": "288"
    },
    {
        "name": "Gibraltar",
        "alpha2Code": "GI",
        "alpha3Code": "GIB",
        "latlng": [
            36.13333333,
            -5.35
        ],
        "numericCode": "292"
    },
    {
        "name": "Greece",
        "alpha2Code": "GR",
        "alpha3Code": "GRC",
        "latlng": [
            39.0,
            22.0
        ],
        "numericCode": "300"
    },
    {
        "name": "Greenland",
        "alpha2Code": "GL",
        "alpha3Code": "GRL",
        "latlng": [
            72.0,
            -40.0
        ],
        "numericCode": "304"
    },
    {
        "name": "Grenada",
        "alpha2Code": "GD",
        "alpha3Code": "GRD",
        "latlng": [
            12.11666666,
            -61.66666666
        ],
        "numericCode": "308"
    },
    {
        "name": "Guadeloupe",
        "alpha2Code": "GP",
        "alpha3Code": "GLP",
        "latlng": [
            16.25,
            -61.583333
        ],
        "numericCode": "312"
    },
    {
        "name": "Guam",
        "alpha2Code": "GU",
        "alpha3Code": "GUM",
        "latlng": [
            13.46666666,
            144.78333333
        ],
        "numericCode": "316"
    },
    {
        "name": "Guatemala",
        "alpha2Code": "GT",
        "alpha3Code": "GTM",
        "latlng": [
            15.5,
            -90.25
        ],
        "numericCode": "320"
    },
    {
        "name": "Guernsey",
        "alpha2Code": "GG",
        "alpha3Code": "GGY",
        "latlng": [
            49.46666666,
            -2.58333333
        ],
        "numericCode": "831"
    },
    {
        "name": "Guinea",
        "alpha2Code": "GN",
        "alpha3Code": "GIN",
        "latlng": [
            11.0,
            -10.0
        ],
        "numericCode": "324"
    },
    {
        "name": "Guinea-Bissau",
        "alpha2Code": "GW",
        "alpha3Code": "GNB",
        "latlng": [
            12.0,
            -15.0
        ],
        "numericCode": "624"
    },
    {
        "name": "Guyana",
        "alpha2Code": "GY",
        "alpha3Code": "GUY",
        "latlng": [
            5.0,
            -59.0
        ],
        "numericCode": "328"
    },
    {
        "name": "Haiti",
        "alpha2Code": "HT",
        "alpha3Code": "HTI",
        "latlng": [
            19.0,
            -72.41666666
        ],
        "numericCode": "332"
    },
    {
        "name": "Heard Island and McDonald Islands",
        "alpha2Code": "HM",
        "alpha3Code": "HMD",
        "latlng": [
            -53.1,
            72.51666666
        ],
        "numericCode": "334"
    },
    {
        "name": "Holy See",
        "alpha2Code": "VA",
        "alpha3Code": "VAT",
        "latlng": [
            41.9,
            12.45
        ],
        "numericCode": "336"
    },
    {
        "name": "Honduras",
        "alpha2Code": "HN",
        "alpha3Code": "HND",
        "latlng": [
            15.0,
            -86.5
        ],
        "numericCode": "340"
    },
    {
        "name": "Hong Kong",
        "alpha2Code": "HK",
        "alpha3Code": "HKG",
        "latlng": [
            22.25,
            114.16666666
        ],
        "numericCode": "344"
    },
    {
        "name": "Hungary",
        "alpha2Code": "HU",
        "alpha3Code": "HUN",
        "latlng": [
            47.0,
            20.0
        ],
        "numericCode": "348"
    },
    {
        "name": "Iceland",
        "alpha2Code": "IS",
        "alpha3Code": "ISL",
        "latlng": [
            65.0,
            -18.0
        ],
        "numericCode": "352"
    },
    {
        "name": "India",
        "alpha2Code": "IN",
        "alpha3Code": "IND",
        "latlng": [
            20.0,
            77.0
        ],
        "numericCode": "356"
    },
    {
        "name": "Indonesia",
        "alpha2Code": "ID",
        "alpha3Code": "IDN",
        "latlng": [
            -5.0,
            120.0
        ],
        "numericCode": "360"
    },
    {
        "name": "Côte d'Ivoire",
        "alpha2Code": "CI",
        "alpha3Code": "CIV",
        "latlng": [
            8.0,
            -5.0
        ],
        "numericCode": "384"
    },
    {
        "name": "Iran",
        "alpha2Code": "IR",
        "alpha3Code": "IRN",
        "latlng": [
            32.0,
            53.0
        ],
        "numericCode": "364"
    },
    {
        "name": "Iraq",
        "alpha2Code": "IQ",
        "alpha3Code": "IRQ",
        "latlng": [
            33.0,
            44.0
        ],
        "numericCode": "368"
    },
    {
        "name": "Ireland",
        "alpha2Code": "IE",
        "alpha3Code": "IRL",
        "latlng": [
            53.0,
            -8.0
        ],
        "numericCode": "372"
    },
    {
        "name": "Isle of Man",
        "alpha2Code": "IM",
        "alpha3Code": "IMN",
        "latlng": [
            54.25,
            -4.5
        ],
        "numericCode": "833"
    },
    {
        "name": "Israel",
        "alpha2Code": "IL",
        "alpha3Code": "ISR",
        "latlng": [
            31.5,
            34.75
        ],
        "numericCode": "376"
    },
    {
        "name": "Italy",
        "alpha2Code": "IT",
        "alpha3Code": "ITA",
        "latlng": [
            42.83333333,
            12.83333333
        ],
        "numericCode": "380"
    },
    {
        "name": "Jamaica",
        "alpha2Code": "JM",
        "alpha3Code": "JAM",
        "latlng": [
            18.25,
            -77.5
        ],
        "numericCode": "388"
    },
    {
        "name": "Japan",
        "alpha2Code": "JP",
        "alpha3Code": "JPN",
        "latlng": [
            36.0,
            138.0
        ],
        "numericCode": "392"
    },
    {
        "name": "Jersey",
        "alpha2Code": "JE",
        "alpha3Code": "JEY",
        "latlng": [
            49.25,
            -2.16666666
        ],
        "numericCode": "832"
    },
    {
        "name": "Jordan",
        "alpha2Code": "JO",
        "alpha3Code": "JOR",
        "latlng": [
            31.0,
            36.0
        ],
        "numericCode": "400"
    },
    {
        "name": "Kazakhstan",
        "alpha2Code": "KZ",
        "alpha3Code": "KAZ",
        "latlng": [
            48.0,
            68.0
        ],
        "numericCode": "398"
    },
    {
        "name": "Kenya",
        "alpha2Code": "KE",
        "alpha3Code": "KEN",
        "latlng": [
            1.0,
            38.0
        ],
        "numericCode": "404"
    },
    {
        "name": "Kiribati",
        "alpha2Code": "KI",
        "alpha3Code": "KIR",
        "latlng": [
            1.41666666,
            173.0
        ],
        "numericCode": "296"
    },
    {
        "name": "Kuwait",
        "alpha2Code": "KW",
        "alpha3Code": "KWT",
        "latlng": [
            29.5,
            45.75
        ],
        "numericCode": "414"
    },
    {
        "name": "Kyrgyzstan",
        "alpha2Code": "KG",
        "alpha3Code": "KGZ",
        "latlng": [
            41.0,
            75.0
        ],
        "numericCode": "417"
    },
    {
        "name": "Lao",
        "alpha2Code": "LA",
        "alpha3Code": "LAO",
        "latlng": [
            18.0,
            105.0
        ],
        "numericCode": "418"
    },
    {
        "name": "Latvia",
        "alpha2Code": "LV",
        "alpha3Code": "LVA",
        "latlng": [
            57.0,
            25.0
        ],
        "numericCode": "428"
    },
    {
        "name": "Lebanon",
        "alpha2Code": "LB",
        "alpha3Code": "LBN",
        "latlng": [
            33.83333333,
            35.83333333
        ],
        "numericCode": "422"
    },
    {
        "name": "Lesotho",
        "alpha2Code": "LS",
        "alpha3Code": "LSO",
        "latlng": [
            -29.5,
            28.5
        ],
        "numericCode": "426"
    },
    {
        "name": "Liberia",
        "alpha2Code": "LR",
        "alpha3Code": "LBR",
        "latlng": [
            6.5,
            -9.5
        ],
        "numericCode": "430"
    },
    {
        "name": "Libya",
        "alpha2Code": "LY",
        "alpha3Code": "LBY",
        "latlng": [
            25.0,
            17.0
        ],
        "numericCode": "434"
    },
    {
        "name": "Liechtenstein",
        "alpha2Code": "LI",
        "alpha3Code": "LIE",
        "latlng": [
            47.26666666,
            9.53333333
        ],
        "numericCode": "438"
    },
    {
        "name": "Lithuania",
        "alpha2Code": "LT",
        "alpha3Code": "LTU",
        "latlng": [
            56.0,
            24.0
        ],
        "numericCode": "440"
    },
    {
        "name": "Luxembourg",
        "alpha2Code": "LU",
        "alpha3Code": "LUX",
        "latlng": [
            49.75,
            6.16666666
        ],
        "numericCode": "442"
    },
    {
        "name": "Macao",
        "alpha2Code": "MO",
        "alpha3Code": "MAC",
        "latlng": [
            22.16666666,
            113.55
        ],
        "numericCode": "446"
    },
    {
        "name": "Macedonia",
        "alpha2Code": "MK",
        "alpha3Code": "MKD",
        "latlng": [
            41.83333333,
            22.0
        ],
        "numericCode": "807"
    },
    {
        "name": "Madagascar",
        "alpha2Code": "MG",
        "alpha3Code": "MDG",
        "latlng": [
            -20.0,
            47.0
        ],
        "numericCode": "450"
    },
    {
        "name": "Malawi",
        "alpha2Code": "MW",
        "alpha3Code": "MWI",
        "latlng": [
            -13.5,
            34.0
        ],
        "numericCode": "454"
    },
    {
        "name": "Malaysia",
        "alpha2Code": "MY",
        "alpha3Code": "MYS",
        "latlng": [
            2.5,
            112.5
        ],
        "numericCode": "458"
    },
    {
        "name": "Maldives",
        "alpha2Code": "MV",
        "alpha3Code": "MDV",
        "latlng": [
            3.25,
            73.0
        ],
        "numericCode": "462"
    },
    {
        "name": "Mali",
        "alpha2Code": "ML",
        "alpha3Code": "MLI",
        "latlng": [
            17.0,
            -4.0
        ],
        "numericCode": "466"
    },
    {
        "name": "Malta",
        "alpha2Code": "MT",
        "alpha3Code": "MLT",
        "latlng": [
            35.83333333,
            14.58333333
        ],
        "numericCode": "470"
    },
    {
        "name": "Marshall Islands",
        "alpha2Code": "MH",
        "alpha3Code": "MHL",
        "latlng": [
            9.0,
            168.0
        ],
        "numericCode": "584"
    },
    {
        "name": "Martinique",
        "alpha2Code": "MQ",
        "alpha3Code": "MTQ",
        "latlng": [
            14.666667,
            -61.0
        ],
        "numericCode": "474"
    },
    {
        "name": "Mauritania",
        "alpha2Code": "MR",
        "alpha3Code": "MRT",
        "latlng": [
            20.0,
            -12.0
        ],
        "numericCode": "478"
    },
    {
        "name": "Mauritius",
        "alpha2Code": "MU",
        "alpha3Code": "MUS",
        "latlng": [
            -20.28333333,
            57.55
        ],
        "numericCode": "480"
    },
    {
        "name": "Mayotte",
        "alpha2Code": "YT",
        "alpha3Code": "MYT",
        "latlng": [
            -12.83333333,
            45.16666666
        ],
        "numericCode": "175"
    },
    {
        "name": "Mexico",
        "alpha2Code": "MX",
        "alpha3Code": "MEX",
        "latlng": [
            23.0,
            -102.0
        ],
        "numericCode": "484"
    },
    {
        "name": "Micronesia",
        "alpha2Code": "FM",
        "alpha3Code": "FSM",
        "latlng": [
            6.91666666,
            158.25
        ],
        "numericCode": "583"
    },
    {
        "name": "Moldova (Republic of)",
        "alpha2Code": "MD",
        "alpha3Code": "MDA",
        "latlng": [
            47.0,
            29.0
        ],
        "numericCode": "498"
    },
    {
        "name": "Monaco",
        "alpha2Code": "MC",
        "alpha3Code": "MCO",
        "latlng": [
            43.73333333,
            7.4
        ],
        "numericCode": "492"
    },
    {
        "name": "Mongolia",
        "alpha2Code": "MN",
        "alpha3Code": "MNG",
        "latlng": [
            46.0,
            105.0
        ],
        "numericCode": "496"
    },
    {
        "name": "Montenegro",
        "alpha2Code": "ME",
        "alpha3Code": "MNE",
        "latlng": [
            42.5,
            19.3
        ],
        "numericCode": "499"
    },
    {
        "name": "Montserrat",
        "alpha2Code": "MS",
        "alpha3Code": "MSR",
        "latlng": [
            16.75,
            -62.2
        ],
        "numericCode": "500"
    },
    {
        "name": "Morocco",
        "alpha2Code": "MA",
        "alpha3Code": "MAR",
        "latlng": [
            32.0,
            -5.0
        ],
        "numericCode": "504"
    },
    {
        "name": "Mozambique",
        "alpha2Code": "MZ",
        "alpha3Code": "MOZ",
        "latlng": [
            -18.25,
            35.0
        ],
        "numericCode": "508"
    },
    {
        "name": "Myanmar",
        "alpha2Code": "MM",
        "alpha3Code": "MMR",
        "latlng": [
            22.0,
            98.0
        ],
        "numericCode": "104"
    },
    {
        "name": "Namibia",
        "alpha2Code": "NA",
        "alpha3Code": "NAM",
        "latlng": [
            -22.0,
            17.0
        ],
        "numericCode": "516"
    },
    {
        "name": "Nauru",
        "alpha2Code": "NR",
        "alpha3Code": "NRU",
        "latlng": [
            -0.53333333,
            166.91666666
        ],
        "numericCode": "520"
    },
    {
        "name": "Nepal",
        "alpha2Code": "NP",
        "alpha3Code": "NPL",
        "latlng": [
            28.0,
            84.0
        ],
        "numericCode": "524"
    },
    {
        "name": "Netherlands",
        "alpha2Code": "NL",
        "alpha3Code": "NLD",
        "latlng": [
            52.5,
            5.75
        ],
        "numericCode": "528"
    },
    {
        "name": "New Caledonia",
        "alpha2Code": "NC",
        "alpha3Code": "NCL",
        "latlng": [
            -21.5,
            165.5
        ],
        "numericCode": "540"
    },
    {
        "name": "New Zealand",
        "alpha2Code": "NZ",
        "alpha3Code": "NZL",
        "latlng": [
            -41.0,
            174.0
        ],
        "numericCode": "554"
    },
    {
        "name": "Nicaragua",
        "alpha2Code": "NI",
        "alpha3Code": "NIC",
        "latlng": [
            13.0,
            -85.0
        ],
        "numericCode": "558"
    },
    {
        "name": "Niger",
        "alpha2Code": "NE",
        "alpha3Code": "NER",
        "latlng": [
            16.0,
            8.0
        ],
        "numericCode": "562"
    },
    {
        "name": "Nigeria",
        "alpha2Code": "NG",
        "alpha3Code": "NGA",
        "latlng": [
            10.0,
            8.0
        ],
        "numericCode": "566"
    },
    {
        "name": "Niue",
        "alpha2Code": "NU",
        "alpha3Code": "NIU",
        "latlng": [
            -19.03333333,
            -169.86666666
        ],
        "numericCode": "570"
    },
    {
        "name": "Norfolk Island",
        "alpha2Code": "NF",
        "alpha3Code": "NFK",
        "latlng": [
            -29.03333333,
            167.95
        ],
        "numericCode": "574"
    },
    {
        "name": "North Korea",
        "alpha2Code": "KP",
        "alpha3Code": "PRK",
        "latlng": [
            40.0,
            127.0
        ],
        "numericCode": "408"
    },
    {
        "name": "Northern Mariana Islands",
        "alpha2Code": "MP",
        "alpha3Code": "MNP",
        "latlng": [
            15.2,
            145.75
        ],
        "numericCode": "580"
    },
    {
        "name": "Norway",
        "alpha2Code": "NO",
        "alpha3Code": "NOR",
        "latlng": [
            62.0,
            10.0
        ],
        "numericCode": "578"
    },
    {
        "name": "Oman",
        "alpha2Code": "OM",
        "alpha3Code": "OMN",
        "latlng": [
            21.0,
            57.0
        ],
        "numericCode": "512"
    },
    {
        "name": "Pakistan",
        "alpha2Code": "PK",
        "alpha3Code": "PAK",
        "latlng": [
            30.0,
            70.0
        ],
        "numericCode": "586"
    },
    {
        "name": "Palau",
        "alpha2Code": "PW",
        "alpha3Code": "PLW",
        "latlng": [
            7.5,
            134.5
        ],
        "numericCode": "585"
    },
    {
        "name": "Palestine, State of",
        "alpha2Code": "PS",
        "alpha3Code": "PSE",
        "latlng": [
            31.9,
            35.2
        ],
        "numericCode": "275"
    },
    {
        "name": "Panama",
        "alpha2Code": "PA",
        "alpha3Code": "PAN",
        "latlng": [
            9.0,
            -80.0
        ],
        "numericCode": "591"
    },
    {
        "name": "Papua New Guinea",
        "alpha2Code": "PG",
        "alpha3Code": "PNG",
        "latlng": [
            -6.0,
            147.0
        ],
        "numericCode": "598"
    },
    {
        "name": "Paraguay",
        "alpha2Code": "PY",
        "alpha3Code": "PRY",
        "latlng": [
            -23.0,
            -58.0
        ],
        "numericCode": "600"
    },
    {
        "name": "Peru",
        "alpha2Code": "PE",
        "alpha3Code": "PER",
        "latlng": [
            -10.0,
            -76.0
        ],
        "numericCode": "604"
    },
    {
        "name": "Philippines",
        "alpha2Code": "PH",
        "alpha3Code": "PHL",
        "latlng": [
            13.0,
            122.0
        ],
        "numericCode": "608"
    },
    {
        "name": "Pitcairn",
        "alpha2Code": "PN",
        "alpha3Code": "PCN",
        "latlng": [
            -25.06666666,
            -130.1
        ],
        "numericCode": "612"
    },
    {
        "name": "Poland",
        "alpha2Code": "PL",
        "alpha3Code": "POL",
        "latlng": [
            52.0,
            20.0
        ],
        "numericCode": "616"
    },
    {
        "name": "Portugal",
        "alpha2Code": "PT",
        "alpha3Code": "PRT",
        "latlng": [
            39.5,
            -8.0
        ],
        "numericCode": "620"
    },
    {
        "name": "Puerto Rico",
        "alpha2Code": "PR",
        "alpha3Code": "PRI",
        "latlng": [
            18.25,
            -66.5
        ],
        "numericCode": "630"
    },
    {
        "name": "Qatar",
        "alpha2Code": "QA",
        "alpha3Code": "QAT",
        "latlng": [
            25.5,
            51.25
        ],
        "numericCode": "634"
    },
    {
        "name": "Republic of Kosovo",
        "alpha2Code": "XK",
        "alpha3Code": "KOS",
        "latlng": [
            42.666667,
            21.166667
        ]
    },
    {
        "name": "Réunion",
        "alpha2Code": "RE",
        "alpha3Code": "REU",
        "latlng": [
            -21.15,
            55.5
        ],
        "numericCode": "638"
    },
    {
        "name": "Romania",
        "alpha2Code": "RO",
        "alpha3Code": "ROU",
        "latlng": [
            46.0,
            25.0
        ],
        "numericCode": "642"
    },
    {
        "name": "Russian Federation",
        "alpha2Code": "RU",
        "alpha3Code": "RUS",
        "latlng": [
            60.0,
            100.0
        ],
        "numericCode": "643"
    },
    {
        "name": "Rwanda",
        "alpha2Code": "RW",
        "alpha3Code": "RWA",
        "latlng": [
            -2.0,
            30.0
        ],
        "numericCode": "646"
    },
    {
        "name": "Saint Barthélemy",
        "alpha2Code": "BL",
        "alpha3Code": "BLM",
        "latlng": [
            18.5,
            -63.41666666
        ],
        "numericCode": "652"
    },
    {
        "name": "Saint Helena",
        "alpha2Code": "SH",
        "alpha3Code": "SHN",
        "latlng": [
            -15.95,
            -5.7
        ],
        "numericCode": "654"
    },
    {
        "name": "Saint Kitts and Nevis",
        "alpha2Code": "KN",
        "alpha3Code": "KNA",
        "latlng": [
            17.33333333,
            -62.75
        ],
        "numericCode": "659"
    },
    {
        "name": "Saint Lucia",
        "alpha2Code": "LC",
        "alpha3Code": "LCA",
        "latlng": [
            13.88333333,
            -60.96666666
        ],
        "numericCode": "662"
    },
    {
        "name": "Saint Martin (French part)",
        "alpha2Code": "MF",
        "alpha3Code": "MAF",
        "latlng": [
            18.08333333,
            -63.95
        ],
        "numericCode": "663"
    },
    {
        "name": "Saint Pierre and Miquelon",
        "alpha2Code": "PM",
        "alpha3Code": "SPM",
        "latlng": [
            46.83333333,
            -56.33333333
        ],
        "numericCode": "666"
    },
    {
        "name": "Saint Vincent",
        "alpha2Code": "VC",
        "alpha3Code": "VCT",
        "latlng": [
            13.25,
            -61.2
        ],
        "numericCode": "670"
    },
    {
        "name": "Samoa",
        "alpha2Code": "WS",
        "alpha3Code": "WSM",
        "latlng": [
            -13.58333333,
            -172.33333333
        ],
        "numericCode": "882"
    },
    {
        "name": "San Marino",
        "alpha2Code": "SM",
        "alpha3Code": "SMR",
        "latlng": [
            43.76666666,
            12.41666666
        ],
        "numericCode": "674"
    },
    {
        "name": "Sao Tome and Principe",
        "alpha2Code": "ST",
        "alpha3Code": "STP",
        "latlng": [
            1.0,
            7.0
        ],
        "numericCode": "678"
    },
    {
        "name": "Saudi Arabia",
        "alpha2Code": "SA",
        "alpha3Code": "SAU",
        "latlng": [
            25.0,
            45.0
        ],
        "numericCode": "682"
    },
    {
        "name": "Senegal",
        "alpha2Code": "SN",
        "alpha3Code": "SEN",
        "latlng": [
            14.0,
            -14.0
        ],
        "numericCode": "686"
    },
    {
        "name": "Serbia",
        "alpha2Code": "RS",
        "alpha3Code": "SRB",
        "latlng": [
            44.0,
            21.0
        ],
        "numericCode": "688"
    },
    {
        "name": "Seychelles",
        "alpha2Code": "SC",
        "alpha3Code": "SYC",
        "latlng": [
            -4.58333333,
            55.66666666
        ],
        "numericCode": "690"
    },
    {
        "name": "Sierra Leone",
        "alpha2Code": "SL",
        "alpha3Code": "SLE",
        "latlng": [
            8.5,
            -11.5
        ],
        "numericCode": "694"
    },
    {
        "name": "Singapore",
        "alpha2Code": "SG",
        "alpha3Code": "SGP",
        "latlng": [
            1.36666666,
            103.8
        ],
        "numericCode": "702"
    },
    {
        "name": "Sint Maarten (Dutch part)",
        "alpha2Code": "SX",
        "alpha3Code": "SXM",
        "latlng": [
            18.033333,
            -63.05
        ],
        "numericCode": "534"
    },
    {
        "name": "Slovakia",
        "alpha2Code": "SK",
        "alpha3Code": "SVK",
        "latlng": [
            48.66666666,
            19.5
        ],
        "numericCode": "703"
    },
    {
        "name": "Slovenia",
        "alpha2Code": "SI",
        "alpha3Code": "SVN",
        "latlng": [
            46.11666666,
            14.81666666
        ],
        "numericCode": "705"
    },
    {
        "name": "Solomon Islands",
        "alpha2Code": "SB",
        "alpha3Code": "SLB",
        "latlng": [
            -8.0,
            159.0
        ],
        "numericCode": "090"
    },
    {
        "name": "Somalia",
        "alpha2Code": "SO",
        "alpha3Code": "SOM",
        "latlng": [
            10.0,
            49.0
        ],
        "numericCode": "706"
    },
    {
        "name": "South Africa",
        "alpha2Code": "ZA",
        "alpha3Code": "ZAF",
        "latlng": [
            -29.0,
            24.0
        ],
        "numericCode": "710"
    },
    {
        "name": "South Georgia and the South Sandwich Islands",
        "alpha2Code": "GS",
        "alpha3Code": "SGS",
        "latlng": [
            -54.5,
            -37.0
        ],
        "numericCode": "239"
    },
    {
        "name": "South Korea",
        "alpha2Code": "KR",
        "alpha3Code": "KOR",
        "latlng": [
            37.0,
            127.5
        ],
        "numericCode": "410"
    },
    {
        "name": "South Sudan",
        "alpha2Code": "SS",
        "alpha3Code": "SSD",
        "latlng": [
            7.0,
            30.0
        ],
        "numericCode": "728"
    },
    {
        "name": "Spain",
        "alpha2Code": "ES",
        "alpha3Code": "ESP",
        "latlng": [
            40.0,
            -4.0
        ],
        "numericCode": "724"
    },
    {
        "name": "Sri Lanka",
        "alpha2Code": "LK",
        "alpha3Code": "LKA",
        "latlng": [
            7.0,
            81.0
        ],
        "numericCode": "144"
    },
    {
        "name": "Sudan",
        "alpha2Code": "SD",
        "alpha3Code": "SDN",
        "latlng": [
            15.0,
            30.0
        ],
        "numericCode": "729"
    },
    {
        "name": "Suriname",
        "alpha2Code": "SR",
        "alpha3Code": "SUR",
        "latlng": [
            4.0,
            -56.0
        ],
        "numericCode": "740"
    },
    {
        "name": "Svalbard and Jan Mayen",
        "alpha2Code": "SJ",
        "alpha3Code": "SJM",
        "latlng": [
            78.0,
            20.0
        ],
        "numericCode": "744"
    },
    {
        "name": "Swaziland",
        "alpha2Code": "SZ",
        "alpha3Code": "SWZ",
        "latlng": [
            -26.5,
            31.5
        ],
        "numericCode": "748"
    },
    {
        "name": "Sweden",
        "alpha2Code": "SE",
        "alpha3Code": "SWE",
        "latlng": [
            62.0,
            15.0
        ],
        "numericCode": "752"
    },
    {
        "name": "Switzerland",
        "alpha2Code": "CH",
        "alpha3Code": "CHE",
        "latlng": [
            47.0,
            8.0
        ],
        "numericCode": "756"
    },
    {
        "name": "Syrian Arab Republic",
        "alpha2Code": "SY",
        "alpha3Code": "SYR",
        "latlng": [
            35.0,
            38.0
        ],
        "numericCode": "760"
    },
    {
        "name": "Taiwan",
        "alpha2Code": "TW",
        "alpha3Code": "TWN",
        "latlng": [
            23.5,
            121.0
        ],
        "numericCode": "158"
    },
    {
        "name": "Tajikistan",
        "alpha2Code": "TJ",
        "alpha3Code": "TJK",
        "latlng": [
            39.0,
            71.0
        ],
        "numericCode": "762"
    },
    {
        "name": "Tanzania",
        "alpha2Code": "TZ",
        "alpha3Code": "TZA",
        "latlng": [
            -6.0,
            35.0
        ],
        "numericCode": "834"
    },
    {
        "name": "Thailand",
        "alpha2Code": "TH",
        "alpha3Code": "THA",
        "latlng": [
            15.0,
            100.0
        ],
        "numericCode": "764"
    },
    {
        "name": "Timor-Leste",
        "alpha2Code": "TL",
        "alpha3Code": "TLS",
        "latlng": [
            -8.83333333,
            125.91666666
        ],
        "numericCode": "626"
    },
    {
        "name": "Togo",
        "alpha2Code": "TG",
        "alpha3Code": "TGO",
        "latlng": [
            8.0,
            1.16666666
        ],
        "numericCode": "768"
    },
    {
        "name": "Tokelau",
        "alpha2Code": "TK",
        "alpha3Code": "TKL",
        "latlng": [
            -9.0,
            -172.0
        ],
        "numericCode": "772"
    },
    {
        "name": "Tonga",
        "alpha2Code": "TO",
        "alpha3Code": "TON",
        "latlng": [
            -20.0,
            -175.0
        ],
        "numericCode": "776"
    },
    {
        "name": "Trinidad and Tobago",
        "alpha2Code": "TT",
        "alpha3Code": "TTO",
        "latlng": [
            11.0,
            -61.0
        ],
        "numericCode": "780"
    },
    {
        "name": "Tunisia",
        "alpha2Code": "TN",
        "alpha3Code": "TUN",
        "latlng": [
            34.0,
            9.0
        ],
        "numericCode": "788"
    },
    {
        "name": "Turkey",
        "alpha2Code": "TR",
        "alpha3Code": "TUR",
        "latlng": [
            39.0,
            35.0
        ],
        "numericCode": "792"
    },
    {
        "name": "Turkmenistan",
        "alpha2Code": "TM",
        "alpha3Code": "TKM",
        "latlng": [
            40.0,
            60.0
        ],
        "numericCode": "795"
    },
    {
        "name": "Turks and Caicos Islands",
        "alpha2Code": "TC",
        "alpha3Code": "TCA",
        "latlng": [
            21.75,
            -71.58333333
        ],
        "numericCode": "796"
    },
    {
        "name": "Tuvalu",
        "alpha2Code": "TV",
        "alpha3Code": "TUV",
        "latlng": [
            -8.0,
            178.0
        ],
        "numericCode": "798"
    },
    {
        "name": "Uganda",
        "alpha2Code": "UG",
        "alpha3Code": "UGA",
        "latlng": [
            1.0,
            32.0
        ],
        "numericCode": "800"
    },
    {
        "name": "Ukraine",
        "alpha2Code": "UA",
        "alpha3Code": "UKR",
        "latlng": [
            49.0,
            32.0
        ],
        "numericCode": "804"
    },
    {
        "name": "United Arab Emirates",
        "alpha2Code": "AE",
        "alpha3Code": "ARE",
        "latlng": [
            24.0,
            54.0
        ],
        "numericCode": "784"
    },
    {
        "name": "United Kingdom",
        "alpha2Code": "GB",
        "alpha3Code": "GBR",
        "latlng": [
            54.0,
            -2.0
        ],
        "numericCode": "826"
    },
    {
        "name": "United States of America",
        "alpha2Code": "US",
        "alpha3Code": "USA",
        "latlng": [
            38.0,
            -97.0
        ],
        "numericCode": "840"
    },
    {
        "name": "Uruguay",
        "alpha2Code": "UY",
        "alpha3Code": "URY",
        "latlng": [
            -33.0,
            -56.0
        ],
        "numericCode": "858"
    },
    {
        "name": "Uzbekistan",
        "alpha2Code": "UZ",
        "alpha3Code": "UZB",
        "latlng": [
            41.0,
            64.0
        ],
        "numericCode": "860"
    },
    {
        "name": "Vanuatu",
        "alpha2Code": "VU",
        "alpha3Code": "VUT",
        "latlng": [
            -16.0,
            167.0
        ],
        "numericCode": "548"
    },
    {
        "name": "Venezuela",
        "alpha2Code": "VE",
        "alpha3Code": "VEN",
        "latlng": [
            8.0,
            -66.0
        ],
        "numericCode": "862"
    },
    {
        "name": "Viet Nam",
        "alpha2Code": "VN",
        "alpha3Code": "VNM",
        "latlng": [
            16.16666666,
            107.83333333
        ],
        "numericCode": "704"
    },
    {
        "name": "Wallis and Futuna",
        "alpha2Code": "WF",
        "alpha3Code": "WLF",
        "latlng": [
            -13.3,
            -176.2
        ],
        "numericCode": "876"
    },
    {
        "name": "Western Sahara",
        "alpha2Code": "EH",
        "alpha3Code": "ESH",
        "latlng": [
            24.5,
            -13.0
        ],
        "numericCode": "732"
    },
    {
        "name": "Yemen",
        "alpha2Code": "YE",
        "alpha3Code": "YEM",
        "latlng": [
            15.0,
            48.0
        ],
        "numericCode": "887"
    },
    {
        "name": "Zambia",
        "alpha2Code": "ZM",
        "alpha3Code": "ZMB",
        "latlng": [
            -15.0,
            30.0
        ],
        "numericCode": "894"
    },
    {
        "name": "Zimbabwe",
        "alpha2Code": "ZW",
        "alpha3Code": "ZWE",
        "latlng": [
            -20.0,
            30.0
        ],
        "numericCode": "716"
    }
]